,...1,MRN,sbp_d,dbp_d,sbp_n,dbp_n,Gender,Age,HR,Drug_conut,DM,HOS,BMI,Waist,Walk_TM_week,anti_HP,office_peri_L_sys,office_peri_L_dia,dip
1,87,CGMHLK0108,105,75,114,79,2,44,83.8557381,1,3,1,24.38,84,0,11,135.085,77.42,0
2,91,CGMHLK0116,122,69,130,76,1,72,72.135,2,3,1,27.7,97,0,12,138.83,77.71666667,1
3,476,NCKU0234,142,83,143,84,1,58,63,3,1,3,23.3,86,0,5,128,72,0
4,275,CMUH0308,124,74,138,78,1,70,66,3,3,2,26.5,92,7,12,135,86,1
5,354,EDA0047,130,89,134,86,1,50,53,1,1,3,24.02,92,0,12,144,82,1
6,483,NCKU0271,116,78,125,81,2,42,76,2,1,3,19,72,1,2,137,80,0
7,270,CMUH0293,133,87,126,81,1,42,98,1,1,2,34.3,109,3,2,137,77,1
8,26,CGMHLK0031,137,88,133,88,1,37,71.85923077,2,1,1,29.06,102,0,5,136.52,83.17,1
9,390,FE0086,113,76,126,81,1,53,72.94021429,0,1,1,25,88.953,0,2,125,82,0
10,396,KMUH0034,170,89,139,77,1,52,73.034,2,2,3,26.44,90,7,13,137,68,1
11,315,CMUH0483,134,59,134,59,2,61,70,1,1,2,22,75,7,6,136,84,1
12,102,CGMHLK0127,133,85,136,88,1,51,70.40833333,0,3,1,27.1,82,0,2,133.64,79.33333333,0
13,117,CMMC0018,167,118,157,115,1,38,70.41,1,1,3,29.4,105,1,1,157,119,1
14,137,CMUH0020,156,95,140,86,1,61,77,2,2,2,26,100,2,12,146,81,1
15,264,CMUH0270,113,79,116,76,1,50,71,2,1,2,34.1,103,7,2,111,72,1
16,59,CGMHLK0078,133,91,134,90,1,53,68.75,2,2,1,31.7,97,0,7,142.01,77.73,0
17,108,CGMHLK0134,150,93,149,93,2,50,72.73933333,0,3,1,19.97,65,0,1,170.17,94.49,1
18,83,CGMHLK0104,135,93,135,89,1,63,67.508,2,3,1,22.2,82,7,12,131.39,79.42,0
19,33,CGMHLK0042,157,113,163,117,2,32,71,1,1,1,27.51,85,0,2,164.53,100.74,1
20,268,CMUH0290,116,62,104,58,2,57,53,1,3,2,23.3,82,7,5,125,63,0
21,105,CGMHLK0131,146,93,150,90,2,57,68.28333333,0,3,1,23.12,76,0,12,136.04,76.22,0
22,459,NCKU0044,130,86,131,84,1,58,63,2,1,3,25.6,88,7,5,132,86,1
23,118,CMMC0062,113,70,106,63,2,52,71.29883333,1,1,3,21,83,0,2,146,78,0
24,65,CGMHLK0084,107,76,107,72,1,66,68.0975,2,1,1,31.1,100,7,12,127.94,74.12666667,1
25,85,CGMHLK0106,118,69,118,64,1,68,68.11,2,3,1,24.22,90,0,12,128.23,76.15666667,1
26,322,CMUH0521,127,73,130,69,2,46,83,0,2,2,36.3,102,7,6,132,74,1
27,506,NTUH130055,121,62,120,56,2,62,64,1,1,1,21.1,71,0,3,140,78,1
28,209,CMUH0124,120,83,127,90,1,51,66,2,3,2,24.9,80,3,1,137,88,1
29,245,CMUH0209,137,79,142,76,1,66,53,2,1,2,25.5,85,7,1,169,95,1
30,162,CMUH0049,134,87,127,83,1,63,70,2,1,2,26,82,7,12,142,84,0
31,215,CMUH0134,116,79,108,73,1,63,56,2,1,2,24,82,7,4,107,74,1
32,487,NCKU0292,143,88,142,88,2,50,83,1,1,3,24,75,0,2,148,100,0
33,157,CMUH0043,126,85,135,92,1,46,75,1,2,2,31,100,3,4,130,78,1
34,460,NCKU0046,170,107,153,106,1,32,69,2,1,3,33.2,113,4,4,158,100,1
35,207,CMUH0121,119,79,126,80,1,55,71,2,1,2,33.7,110,5,4,138,86,1
36,69,CGMHLK0088,118,77,116,76,2,63,68.21238095,2,1,1,31.4,92,0,12,134.69,75.67,1
37,416,KMUH0060,135,87,131,86,1,74,68.09880952,0,1,3,26.2,81,5,1,156,93,1
38,316,CMUH0487,109,69,113,70,2,55,64.73013889,1,1,2,19.7,74,7,3,134,83,1
39,457,NCKU0038,142,86,144,89,2,54,63,0,1,3,31.2,85,1,1,161,88,0
40,430,KMUH0075,112,75,111,67,2,49,70.842,1,2,3,29.74,85,3,13,148,100,1
41,109,CGMHLK0135,136,79,139,81,2,64,70.04888889,3,3,1,18.59,76,2,12,138.15,78.48,0
42,37,CGMHLK0046,156,78,162,78,1,74,70.5575,1,2,1,24.33,113,0,12,136.03,69.24,1
43,273,CMUH0301,108,70,89,57,2,56,68,3,1,2,27.2,85,7,12,118,79,1
44,508,NTUH130095,110,75,110,79,1,54,98,1,1,1,25.9,96.5,0,5,119,80,1
45,495,NCKU0502,145,86,149,84,1,46,86,0,1,3,29.7,104,0,2,155,101,1
46,86,CGMHLK0107,128,71,138,73,1,76,65.64878788,3,3,1,27.4,89,2,12,137.94,79.165,1
47,113,CGMHLK0139,141,86,126,78,2,71,66.972,1,3,1,24.77,76,2,12,136.56,77.74,1
48,158,CMUH0044,129,66,130,66,1,65,52,2,2,2,40,110,7,12,140,77,1
49,27,CGMHLK0033,121,65,128,72,1,61,65.15880952,1,2,1,31.12,114,7,3,128.95,74.46,0
50,199,CMUH0111,118,65,109,63,1,76,72,3,1,2,22.7,81,7,2,138,80,1
51,231,CMUH0170,129,88,132,90,2,32,88,0,3,2,33.6,102,1,3,131,83,1
52,61,CGMHLK0080,144,94,131,86,2,47,76.4977381,1,1,1,28.3,82,0,2,151.92,92.78,1
53,198,CMUH0110,127,71,116,66,2,56,66.6225,1,1,2,27.9,92,7,4,132,78,1
54,442,NCKU0011,139,85,153,93,1,67,65,2,1,3,27.9,95,2,12,135,85,1
55,435,KMUH0081,117,77,119,82,1,58,69.82166667,1,1,3,28,105,0,1,133,84,1
56,422,KMUH0066,122,74,139,81,2,42,72.11568254,3,1,3,25.78,79,0,2,191,101,1
57,462,NCKU0053,156,93,163,97,1,38,54,3,2,3,33.7,113,0,6,184,96,1
58,71,CGMHLK0091,114,62,125,67,2,73,64.6825,1,3,1,23.3,74,7,8,125.47,70.09,1
59,161,CMUH0048,113,77,111,76,1,59,65,0,1,2,21,76,3,3,110,65,0
60,338,EDA0022,139,76,145,77,2,57,60,1,1,3,30.28,101,7,6,129,66,0
61,394,KMUH0031,146,81,144,79,2,62,69.31133333,1,1,3,20.32,74,7,1,203,103,1
62,62,CGMHLK0081,136,97,136,89,1,32,70.67,2,1,1,26.67,95,0,2,141.18,85.23,0
63,142,CMUH0026,116,69,113,67,2,63,63,0,1,2,22,71,7,12,120,76,1
64,169,CMUH0063,128,85,130,83,1,53,83,1,1,2,24.2,85.5,5,4,141,81,1
65,152,CMUH0037,141,77,141,76,2,56,66.972,1,3,2,26,89,3,12,142,75,1
66,300,CMUH0426,125,82,122,74,1,51,65,2,1,2,26.4,92,3,2,155,92,0
67,145,CMUH0029,141,80,139,72,2,56,56,1,1,2,26,84,7,4,134,70,1
68,280,CMUH0333,129,78,129,77,1,51,99,2,2,2,90,24,5,4,125,69,1
69,10,CGMHLK0012,133,71,131,75,2,64,61.95683333,1,2,1,21.56,82,7,12,133.616,75.94,1
70,405,KMUH0045,116,56,122,60,1,30,68.92,2,1,3,26.2,98,5,4,135,82,1
71,340,EDA0025,125,77,120,74,2,67,51,2,1,3,29.2,90,7,6,120,60,1
72,464,NCKU0072,114,63,118,66,2,83,62.80466667,1,1,3,25.7,95.5,7,12,148.82,82.935,0
73,524,NTUH160379,98,66,103,70,2,56,64,1,1,1,22.6,95,7,2,118,67,1
74,140,CMUH0024,111,76,100,69,2,51,73,1,1,2,21,75,1,4,114,60,0
75,153,CMUH0039,124,76,140,87,2,64,73,2,1,2,25,83,1,2,160,93,1
76,178,CMUH0073,121,80,122,78,1,34,63,1,1,2,26,80,5,2,123,74,1
77,20,CGMHLK0025,130,73,146,81,2,87,62.47666667,1,1,1,30.8,95,7,12,151.94,85.315,1
78,48,CGMHLK0066,128,77,128,75,2,41,73.37033333,0,2,1,33.29,92,0,12,138.89,76.97,0
79,230,CMUH0169,123,81,119,72,2,71,69,0,1,2,23,78,2,1,141,82,0
80,384,FE0059,142,88,143,86,1,57,69.40166667,2,2,1,31,105,7,7,146,70,1
81,34,CGMHLK0043,135,84,134,93,1,56,68.48145833,2,1,1,26.39,93,0,7,137.3,78.815,1
82,97,CGMHLK0122,133,72,123,66,2,75,65.77383333,1,3,1,24.4,82,7,12,131.94,74.27,0
83,99,CGMHLK0124,138,70,138,73,1,86,66.61025641,3,3,1,27.3,103,0,12,141.42,76.915,1
84,305,CMUH0449,121,73,120,68,2,59,58,1,1,2,27,78,3,2,153,82,1
85,128,CMUH0009,112,68,123,70,2,69,67,0,1,2,23,82,7,2,116,60,1
86,355,EDA0052,115,77,120,83,2,67,68.52666667,2,1,3,23.01,83,0,2,120,70,1
87,279,CMUH0322,129,82,134,81,1,65,58,2,1,2,28.2,98,7,9,132,77,1
88,377,EDA0101,130,90,124,84,2,38,74.37607143,1,1,3,36.5,103,7,2,154.24,98.29,1
89,55,CGMHLK0074,139,79,146,84,2,61,63.17833333,2,1,1,25.71,88,0,9,139.23,78,1
90,496,NTUH120001,118,73,115,71,2,58,64,1,1,1,21.3,75,7,3,113,68,1
91,235,CMUH0179,152,107,165,112,1,37,84,1,3,2,35.3,106,1,1,168,112,1
92,341,EDA0029,129,71,123,66,2,63,69,2,2,3,26.61,82,0,6,159,79,1
93,291,CMUH0367,125,78,130,83,2,58,70,0,1,2,26.6,83,7,2,115,76,1
94,17,CGMHLK0021,176,79,171,77,1,93,65.57083333,2,1,1,22.03,91,0,12,151.92,84.3,1
95,500,NTUH130014,139,66,142,65,2,73,76,1,3,1,20.1,72,7,2,135,61,1
96,517,NTUH130186,139,65,137,69,2,83,57,3,1,1,15.6,63.5,0,5,137,59,1
97,88,CGMHLK0109,141,73,130,65,2,74,64.67,2,3,1,24.03,82,0,12,139.17,76.21,1
98,379,EDA0111,163,78,157,78,1,63,69.0355,1,2,3,28.9,105,7,12,131,17,1
99,43,CGMHLK0057,126,71,121,66,1,48,65.80775,3,2,1,28.73,92,7,7,136.51,77.84,0
100,311,CMUH0474,132,67,130,62,2,76,53,1,1,2,26.6,80,5,1,125,63,1
101,194,CMUH0105,109,59,111,61,2,63,63,1,1,2,22.8,78,5,4,108,58,0
102,368,EDA0076,114,74,116,72,1,55,68,2,2,3,28.59,96,0,7,147,80,1
103,330,EDA0012,134,77,126,70,2,63,56,3,1,3,25.11,93,7,10,120,70,1
104,391,KMUH0001,143,93,145,90,1,51,68.04479167,5,1,3,32.98,101.55,0,12,143.085,87.54,1
105,64,CGMHLK0083,118,75,115,75,2,52,69.316,1,1,1,25.27,90,0,13,131.875,78.64,1
106,382,FE0005,128,89,124,84,1,57,69.245,1,1,1,25,86.9418,0,12,138,67,0
107,195,CMUH0107,139,94,128,86,1,57,97,1,1,2,26.9,92,1,12,147,82,1
108,141,CMUH0025,128,90,128,90,2,37,76,1,1,2,25,74,1,4,138,94,1
109,1,CGMHLK0001,134,80,134,78,1,60,65.21904808,2,1,1,28.13,95,0,12,139.97,79.895,1
110,438,NCKU0005,136,73,152,78,1,78,44,0,1,3,26,89,7,2,118,85,0
111,511,NTUH130133,136,77,133,78,2,76,66,1,1,1,23.5,86,7,3,141,73,1
112,296,CMUH0390,127,79,139,88,2,50,57,0,1,2,34.6,108,7,4,134,75,0
113,123,CMUH0004,153,74,170,80,1,82,54,4,2,2,32,108,0,1,166,84,0
114,407,KMUH0047,137,83,124,85,1,58,67.74833333,0,1,3,26.93,89,5,3,148,82,1
115,323,EDA0005,118,81,116,82,1,55,63,1,1,3,24.6,89,3,9,139,92,1
116,225,CMUH0157,133,86,133,81,1,55,94,2,1,2,27.3,97,1,12,154,89,1
117,111,CGMHLK0137,120,74,129,81,1,55,71.345,2,3,1,31.7,105,4,1,137.215,81.95,1
118,21,CGMHLK0026,119,82,115,79,1,73,70.14166667,2,1,1,25.51,93,0,12,131.49,75.08,0
119,217,CMUH0137,115,65,119,65,2,65,67,2,2,2,28.2,98,1,4,123,66,1
120,242,CMUH0196,123,83,119,83,1,62,74,2,1,2,24.7,90,7,8,119,83,1
121,278,CMUH0319,138,73,150,74,2,69,72,3,1,2,19,68,7,2,151,81,0
122,412,KMUH0054,147,80,154,80,1,66,65.23166667,2,1,3,24.01,89,0,6,182,86,0
123,298,CMUH0402,141,86,147,87,1,55,74,1,1,2,29,95,1,5,155,85,1
124,135,CMUH0018,130,83,131,87,2,58,59,1,1,2,28,102,2,5,134,80,1
125,82,CGMHLK0103,127,71,132,69,2,65,65.73,1,3,1,24.32,73,0,3,132.65,74.08,1
126,180,CMUH0075,113,81,108,76,2,41,83,2,1,2,20.3,75,0,4,128,70,0
127,70,CGMHLK0090,136,96,142,100,1,36,73.3825641,4,3,1,31.54,100,2,12,142.92,84.77,1
128,66,CGMHLK0085,139,88,144,85,1,62,70.15404762,2,2,1,27,90,0,12,137.35,77.87,1
129,183,CMUH0082,148,83,144,82,2,76,68,1,1,2,29.4,97,7,12,158,84,1
130,325,EDA0007,123,80,125,75,1,56,66,1,1,3,24.72,92.5,0,9,146,85,1
131,513,NTUH130141,148,80,156,78,2,80,63.026,1,1,1,19.5,66,0,3,167,89,1
132,73,CGMHLK0093,112,67,127,69,1,64,65.16333333,2,3,1,30.11,97,1,12,129.72,75.90333333,1
133,50,CGMHLK0069,151,81,140,73,1,81,63.40358974,2,1,1,20,72,2,12,142.03,80.03,1
134,188,CMUH0096,133,77,120,72,1,30,72,2,1,2,32,102,1,3,126,68,1
135,492,NCKU0452,136,74,136,73,2,70,45,2,1,3,22.7,89,6,12,149,82,1
136,288,CMUH0362,104,65,110,68,1,73,63,0,1,2,24.5,78,5,4,100,68,0
137,54,CGMHLK0073,123,73,124,74,1,66,68.54714286,2,1,1,24.26,82,0,12,132.25,77.732,1
138,149,CMUH0033,144,95,143,92,1,66,74,0,3,2,26,89,7,12,120,71,1
139,41,CGMHLK0051,128,80,118,71,1,61,69.20728788,2,1,1,28.1,92,0,3,135.35,80.02,1
140,401,KMUH0040,103,50,108,52,2,76,65.395,3,2,3,29.64,100,7,13,113,65,1
141,361,EDA0067,130,89,110,76,1,57,76,0,1,3,26.42,95,7,1,179,112,1
142,170,CMUH0064,136,70,127,68,2,73,53,3,1,2,32,90,7,4,136,70,1
143,139,CMUH0023,123,88,119,82,1,50,74,1,1,2,28,85.5,1,4,168,99,1
144,18,CGMHLK0022,129,81,119,73,1,39,70.737,2,1,1,36.8,114,0,1,140.48,83.09,1
145,414,KMUH0058,150,107,145,98,2,50,69.1825,2,1,3,28.6,95,0,13,163,114,1
146,324,EDA0006,135,89,142,89,1,36,59,3,1,3,27.08,92,0,4,126,83,1
147,353,EDA0046,113,64,107,61,2,61,70,2,1,3,22.56,74,0,12,138,73,1
148,233,CMUH0177,129,80,129,77,2,54,68,0,1,2,28.2,82,7,3,115,69,1
149,238,CMUH0183,107,69,106,67,2,49,84,1,1,2,36.5,85,7,8,124,65,0
150,36,CGMHLK0045,126,66,121,61,2,73,67.7425,1,1,1,27.76,100,0,6,134.8,74.452,1
151,89,CGMHLK0113,137,99,134,92,1,65,71.09714286,0,3,1,28.55,40,7,12,131.61,79.59333333,0
152,283,CMUH0344,130,73,129,74,1,71,62,2,2,2,24,85,7,12,129,71,1
153,466,NCKU0081,143,85,138,82,1,51,70,1,1,3,29.6,104,2,2,158,94,0
154,284,CMUH0350,123,65,109,59,2,59,71,1,1,2,32,99,5,1,156,88,0
155,336,EDA0019,135,90,138,87,1,65,57,2,1,3,24.15,101,0,8,152,85,1
156,122,CMUH0003,128,78,137,84,2,52,70.21733333,1,2,2,28,92,1,2,128,86,1
157,78,CGMHLK0098,130,96,119,87,1,56,75.4985,1,3,1,23.58,79,3,3,131.86,80.69,1
158,100,CGMHLK0125,128,86,126,80,1,38,78.98,0,3,1,27.4,94,0,12,137.02,82.11,1
159,441,NCKU0009,148,70,147,68,2,74,52,2,2,3,31.6,86,0,12,158,74,1
160,28,CGMHLK0034,144,82,131,70,1,61,68.14382784,1,2,1,32.87,100,7,12,143.1,76.82,1
161,501,NTUH130028,143,79,150,86,1,58,48,3,1,1,24.6,83.8,0,3,126,73,0
162,214,CMUH0133,151,99,154,96,1,44,63,1,1,2,35.5,110,1,2,143,92,1
163,518,NTUH130198,122,79,121,75,1,50,73,3,1,1,27.8,101.6,7,7,160,100,1
164,201,CMUH0113,151,90,150,89,1,54,58,2,1,2,21.3,76,7,9,171,99,1
165,168,CMUH0061,139,81,132,73,1,76,68,1,1,2,26.2,82,7,4,120,70,0
166,192,CMUH0102,142,90,137,81,1,66,89,2,2,2,22,75,7,4,121,74,1
167,8,CGMHLK0010,123,77,126,80,1,55,70.60722222,1,1,1,28.3,97,7,12,136.18,80.44,1
168,243,CMUH0201,125,84,119,79,2,48,71,1,1,2,27.2,96,5,2,143,84,1
169,420,KMUH0064,115,77,120,76,1,39,74.03861111,3,1,3,27.47,93,0,13,142,92,1
170,421,KMUH0065,131,64,134,63,1,74,62.81333333,5,2,3,28.6354,103,0,12,134,69,1
171,210,CMUH0126,126,87,123,83,1,45,66,1,1,2,26.7,98,1,12,138,94,1
172,318,CMUH0506,113,69,118,71,1,60,67.1635,2,1,2,24.7,78,7,12,136,84,1
173,107,CGMHLK0133,133,91,136,87,1,55,69.83766667,2,3,1,24.7,90,0,12,134.22,79.29,1
174,218,CMUH0138,128,79,130,79,1,58,66,0,3,2,28,94,7,2,148,89,1
175,216,CMUH0135,110,72,113,74,1,55,61,0,1,2,26.2,90.5,7,5,130,82,1
176,411,KMUH0053,122,81,122,77,2,49,69.641,1,1,3,25.64,85,0,1,151,96,0
177,125,CMUH0006,121,66,123,66,1,54,49,0,1,2,21,75,7,7,120,64,1
178,72,CGMHLK0092,123,81,125,79,1,55,69.84,0,3,1,29.04,96,7,12,135.065,80.18,0
179,366,EDA0074,125,86,126,85,1,60,81,2,1,3,30.37,102,3,4,151,100,1
180,378,EDA0108,135,94,147,102,1,33,70.8,2,1,3,36.3,108,0,3,148.61,93.9,0
181,320,CMUH0511,114,78,113,72,1,39,81,1,2,2,28.3,92,7,5,124,73,1
182,252,CMUH0229,125,65,127,65,1,76,50,0,1,2,19.1,77,3,9,139,70,1
183,202,CMUH0115,130,74,125,73,1,76,80,2,1,2,31.9,105,1,12,105,61,1
184,226,CMUH0158,133,87,132,80,1,58,74.2985,2,2,2,26.7,85,5,3,126,77,1
185,7,CGMHLK0009,118,75,119,74,2,30,72.69201587,3,1,1,33.8,106,0,5,135.19,78.51,1
186,380,EDA0121,155,77,151,76,2,85,63.6325,0,1,3,32.3,109,0,4,146.05,79.98,1
187,502,NTUH130029,139,84,125,84,1,71,59,1,1,1,22.9,86,3,2,149,93,1
188,159,CMUH0046,116,75,122,73,1,56,62,1,1,2,26,83,1,4,136,79,1
189,388,FE0076,131,78,127,76,2,59,65,0,2,1,34,98.008,0,7,165,85,1
190,286,CMUH0360,136,84,133,84,2,60,84,0,2,2,23.6,80,5,1,127,78,1
191,277,CMUH0311,135,87,147,90,1,47,78,2,1,2,21.9,80,1,1,141,82,0
192,294,CMUH0388,132,86,125,79,1,68,62,0,1,2,28.8,96,7,12,159,89,1
193,266,CMUH0285,119,87,123,87,1,40,80,1,1,2,24.8,80,3,1,142,98,0
194,204,CMUH0118,127,69,136,75,2,69,63,2,2,2,22,78,7,12,146,82,1
195,302,CMUH0436,118,64,116,63,2,74,77,2,3,2,20,75,7,4,145,88,1
196,244,CMUH0202,126,88,135,97,1,41,63,1,1,2,30.7,100,3,2,137,92,1
197,474,NCKU0226,129,91,128,92,1,38,69,1,1,3,26.3,96,0,2,151,106,0
198,3,CGMHLK0003,113,83,111,79,1,46,75.37111111,3,1,1,29.37,93,0,12,134.29,79.88,0
199,478,NCKU0249,149,89,132,80,2,58,71.7332381,0,1,3,23.6,80,7,12,120,72,1
200,205,CMUH0119,126,80,136,84,2,55,75,1,2,2,24.9,79,7,3,126,78,1
201,81,CGMHLK0102,123,82,116,82,1,63,70.14,2,3,1,25.59,83,0,12,129.78,77.37333333,0
202,335,EDA0018,130,71,129,70,2,48,67,1,1,3,28.67,90,7,3,150,92,1
203,186,CMUH0085,114,64,104,61,2,57,71,1,1,2,21.3,72,1,4,122,78,1
204,53,CGMHLK0072,125,83,125,82,1,32,72.28533333,2,1,1,26.3,89,0,4,131.47,81.45,1
205,427,KMUH0071,126,81,132,85,2,36,69.67414286,2,1,3,27.69,78,0,13,172,127,0
206,6,CGMHLK0008,142,90,117,74,1,38,72.896,1,1,1,38.7,127,0,10,147.55,89.17,1
207,443,NCKU0012,126,72,126,76,1,76,71,1,1,3,24,90,5,11,143,85,1
208,237,CMUH0181,126,77,117,76,2,30,58,3,1,2,36,100,1,4,142,68,1
209,155,CMUH0041,124,77,117,74,1,60,89,0,2,2,23,85,5,8,140,86,1
210,40,CGMHLK0050,122,70,121,71,1,76,68.41166667,1,1,1,21.67,79,5,13,132.88,75.69,1
211,213,CMUH0129,131,83,119,77,2,73,55,2,3,2,22.7,70,3,8,133,77,0
212,400,KMUH0039,118,81,122,82,1,60,69.099,2,2,3,35.69,108,4,13,177,112,1
213,349,EDA0042,123,76,120,74,2,60,79,1,1,3,22.35,79.693,3,2,146,79,1
214,426,KMUH0070,147,95,157,95,1,51,67.58479167,2,1,3,26.1372,90,0,13,176,94,1
215,15,CGMHLK0017,142,80,152,80,1,55,67.37966667,4,2,1,37.34,121,0,12,145.86,80.39,1
216,104,CGMHLK0130,120,83,117,81,1,54,69.1675,2,3,1,23.71,84,7,5,128.72,79.23,0
217,29,CGMHLK0036,127,85,124,82,1,37,74.847,2,1,1,33.9,106,1,13,148.51,93.8,1
218,463,NCKU0058,137,85,136,86,1,58,69,0,1,3,25.2,94,0,1,126,81,0
219,363,EDA0070,126,86,122,81,1,48,75,2,1,3,27.83,87.5,0,2,158,116,1
220,456,NCKU0028,121,64,118,62,2,71,71,1,1,3,23.7,80,7,8,118,69,1
221,399,KMUH0038,103,55,112,59,1,65,66.375,4,2,3,23.11,85,5,13,141,62,1
222,367,EDA0075,117,74,125,75,1,65,76,2,1,3,21.51,77,0,7,135,81,1
223,281,CMUH0337,127,74,118,72,1,76,83,2,2,2,22.3,78,7,6,100,58,1
224,360,EDA0065,144,68,146,65,2,63,78,0,2,3,29.33,102,0,12,140,60,1
225,271,CMUH0295,136,79,123,68,1,75,86,1,1,2,24.6,95,7,2,139,84,0
226,151,CMUH0036,128,74,132,74,2,60,52,0,1,2,24,82.7,7,9,140,75,1
227,96,CGMHLK0121,131,77,132,83,1,36,73.545,0,3,1,23.4,79,1,11,139.53,82.5,1
228,257,CMUH0242,143,82,144,80,2,62,69,1,1,2,24.5,84,1,2,180,92,1
229,240,CMUH0192,124,73,128,77,1,72,84,2,1,2,27,90,2,12,146,94,1
230,413,KMUH0055,126,84,125,82,2,50,69.104,1,1,3,21.1,73,3,3,152,93,1
231,130,CMUH0011,113,75,120,79,2,43,100,2,1,2,25,82.5,5,2,130,80,1
232,470,NCKU0129,140,87,140,85,1,60,64,1,1,3,27.8,88,7,2,155,88,1
233,475,NCKU0230,145,90,149,89,1,67,84,1,1,3,30.5,106,7,3,145,91,1
234,337,EDA0020,110,72,101,65,2,58,67.50591667,1,1,3,27.33,83.5,3,2,136.9,80.07,0
235,223,CMUH0152,118,77,118,76,1,59,85,2,2,2,29.4,104,7,13,144,93,1
236,203,CMUH0116,118,81,116,77,1,53,66,2,1,2,25.7,84,7,2,112,64,1
237,467,NCKU0098,161,101,177,107,2,46,54,2,1,3,27.2,83,0,5,143,92,1
238,30,CGMHLK0038,143,104,127,89,1,49,76.35523077,1,1,1,28.86,92,1,8,148.14,90.99,1
239,465,NCKU0078,130,99,132,99,1,47,80,2,1,3,27.5,94,0,2,152,103,1
240,92,CGMHLK0117,140,74,133,70,1,78,65.23466117,1,3,1,26.6,96,0,12,140.19,77.335,1
241,295,CMUH0389,128,60,124,58,2,79,56,1,2,2,30,87,7,12,177,86,1
242,376,EDA0098,131,86,133,88,1,39,72.3700641,1,1,3,29.54,94,0,1,152.885,102.22,1
243,163,CMUH0051,117,76,125,77,2,52,70,0,2,2,28,83,2,5,143,76,0
244,185,CMUH0084,139,78,140,77,1,70,60,2,1,2,27.8,104,1,12,166,88,1
245,175,CMUH0069,139,88,133,87,1,43,75,0,1,2,24.6,88,7,4,134,86,1
246,2,CGMHLK0002,120,71,120,71,2,71,66.16972222,2,2,1,20.05,82,0,12,136.9,74.87,1
247,32,CGMHLK0040,135,83,133,80,1,69,66.87816667,2,1,1,30.1,95,2,13,141.3,81.51,0
248,402,KMUH0042,119,74,130,78,2,60,64.80555556,1,1,3,23.19,79,2,13,147,88,1
249,9,CGMHLK0011,138,89,146,93,2,63,67.346,1,2,1,24.1,86,7,12,132.03,76.5,1
250,144,CMUH0028,138,89,131,83,1,74,64,2,1,2,22,75.2,7,1,119,83,1
251,265,CMUH0277,128,70,129,72,1,72,59,3,2,2,26.4,82,2,12,158,82,1
252,345,EDA0038,117,75,116,70,2,55,74,1,1,3,20.54,77,0,8,139,81,1
253,331,EDA0013,138,82,131,77,1,52,92,1,1,3,32.44,107,7,4,126,83,0
254,434,KMUH0080,141,69,140,70,2,80,60.95,1,1,3,17.8,66,7,1,211,62,1
255,255,CMUH0237,162,90,154,85,1,58,64,2,1,2,28,95,7,12,189,99,0
256,131,CMUH0013,137,83,121,79,1,52,62,2,1,2,20,70,3,4,120,68,1
257,469,NCKU0122,133,82,131,82,1,50,75,1,1,3,25.3,87,2,5,139,99,1
258,503,NTUH130035,111,69,131,79,1,61,85,2,1,1,27,86.4,0,2,135,88,1
259,406,KMUH0046,111,66,117,67,1,77,63.43,1,1,3,22.68,82,0,8,136,72,1
260,129,CMUH0010,142,86,136,83,2,52,84,1,1,2,26,90,7,4,121,68,1
261,206,CMUH0120,118,74,105,65,1,71,75,1,1,2,20.5,80,5,2,130,81,0
262,132,CMUH0014,119,73,125,70,1,52,77,2,1,2,32,104,2,5,120,78,1
263,326,EDA0008,130,73,121,67,2,56,65,3,1,3,29.42,77,0,6,158,93,0
264,101,CGMHLK0126,134,61,123,63,1,63,62.23,2,3,1,23.8,82,5,2,130.92,71.95,1
265,448,NCKU0017,142,87,154,92,1,68,57,2,1,3,27.1,96,7,12,153,86,1
266,332,EDA0014,119,75,125,72,1,61,73,2,1,3,22.37,86,0,4,130.42,79.504,0
267,212,CMUH0128,121,81,108,75,1,52,62,1,1,2,23.2,82,2,12,106,68,1
268,505,NTUH130052,139,79,139,78,2,63,80,3,3,1,21.5,80,5,12,135,84,1
269,93,CGMHLK0118,131,75,135,75,1,73,67.00212121,3,3,1,24.9,85,0,12,136.41,75.665,1
270,450,NCKU0020,155,80,165,82,1,84,78,0,2,3,27.3,90,7,12,150,86,0
271,498,NTUH120009,148,71,134,64,1,80,56,3,1,1,21.3,90,0,5,117,59,1
272,359,EDA0063,118,77,126,81,1,62,59,2,2,3,26.17,89,7,7,123,67,1
273,90,CGMHLK0115,116,75,123,79,1,65,69.63166667,2,3,1,24.5,89,7,12,123.46,74.83416667,0
274,134,CMUH0016,137,79,129,82,1,34,55,2,2,2,31,112,7,4,138,82,0
275,415,KMUH0059,130,81,129,80,2,76,66.53,3,1,3,20.9,92,0,13,156,71,1
276,249,CMUH0216,128,83,117,68,1,56,67.21,2,3,2,26.7,96,7,4,134,87,1
277,248,CMUH0215,119,70,125,72,1,69,79,1,1,2,27.8,92,7,4,131,87,1
278,154,CMUH0040,116,75,113,72,2,59,70,2,2,2,27,88,5,8,112,62,1
279,342,EDA0032,132,83,131,86,1,51,56,0,1,3,28.61,102,0,8,130,87,1
280,494,NCKU0488,133,80,144,82,1,26,68,0,1,3,23,86,0,1,144,93,1
281,143,CMUH0027,130,90,134,91,1,57,80,0,1,2,22,77.5,3,5,120,74,0
282,208,CMUH0122,130,75,133,76,2,68,65,1,1,2,22.2,76,7,4,140,82,1
283,521,NTUH130330,110,71,106,68,1,52,74,0,1,1,24.8,96.5,0,1,126,71,0
284,429,KMUH0074,150,97,121,77,1,64,70.78957143,1,1,3,22.53,92,7,13,176,111,1
285,84,CGMHLK0105,154,84,135,78,1,67,72.19916667,2,3,1,30.06,98,0,12,145.67,81.2,1
286,31,CGMHLK0039,130,71,113,64,1,83,63.50795455,1,2,1,26.53,102,2,12,146.4,81.82,1
287,301,CMUH0435,121,75,114,68,1,58,72,2,1,2,25,80,3,1,118,68,0
288,509,NTUH130116,118,73,132,78,2,70,58,2,1,1,24.5,76.2,7,12,157,93,1
289,333,EDA0015,145,80,137,75,1,72,63,3,2,3,25.39,92,4,10,141,62,0
290,182,CMUH0081,150,82,147,74,2,72,58,1,1,2,27.8,85,7,1,150,80,1
291,499,NTUH130013,123,62,129,61,1,70,62,2,3,1,25.1,80,7,2,118,63,1
292,358,EDA0058,110,72,104,66,1,57,62,2,1,3,25.54,92,0,1,113,65,1
293,23,CGMHLK0028,122,84,129,83,2,33,74.318,2,1,1,19.31,65,0,8,133.05,79.21,1
294,507,NTUH130063,126,85,120,82,1,53,57,2,1,1,25,90,5,4,136,70,0
295,57,CGMHLK0076,122,83,119,78,1,54,70.283,2,1,1,22.15,74,5,10,138.76,81.27333333,1
296,103,CGMHLK0128,137,79,136,79,1,73,68.24880952,0,3,1,21.3,90,7,12,134.37,79.185,1
297,484,NCKU0279,145,83,141,82,1,69,91,0,1,3,26.1,88,0,1,154,88,1
298,369,EDA0077,111,71,116,75,1,62,72,2,1,3,25.91,89.5,0,4,114,69,0
299,347,EDA0040,139,82,138,82,1,68,72,2,1,3,28.76,105,7,2,146,95,1
300,258,CMUH0245,139,85,132,79,2,57,53,2,3,2,35.2,102,7,2,138,71,1
301,313,CMUH0479,138,80,134,80,2,75,65,1,1,2,24.4349,79,7,2,176,96,1
302,375,EDA0092,128,85,118,75,1,51,67.26541667,2,1,3,28.3,97,0,12,153,98,0
303,116,CMMC0006,142,80,144,81,1,62,68.20847619,0,1,3,25.3251,90.45,0,5,182,82,1
304,371,EDA0086,125,66,114,60,1,74,65.6575,2,1,3,25.17,98,7,7,130,68,1
305,357,EDA0055,132,89,128,87,1,57,58,0,1,3,26.12,92.5,5,6,152,96,1
306,187,CMUH0094,117,74,99,59,1,58,63,2,1,2,21,90,0,3,105,70,1
307,491,NCKU0394,110,70,121,74,1,25,64,0,1,3,28.7,94,0,4,122,65,1
308,303,CMUH0443,122,90,123,78,2,63,64,1,1,2,21.8,74,7,4,145,92,1
309,56,CGMHLK0075,140,95,132,89,1,59,72.35,3,2,1,33.04,101,0,12,144.61,80.49,1
310,514,NTUH130155,125,82,139,91,1,60,81,2,3,1,23.6,81.28,7,5,135,84,0
311,314,CMUH0481,123,83,118,77,1,59,89,1,1,2,25.9,101,7,2,122,69,1
312,136,CMUH0019,109,68,112,68,2,40,60,1,2,2,29,109,3,2,150,89,1
313,425,KMUH0069,132,77,143,80,2,50,64.827,2,1,3,25.3,89,0,13,144,69,0
314,94,CGMHLK0119,126,82,142,89,1,61,71.3505,2,3,1,27.5,89,0,12,136.1,79.75,1
315,408,KMUH0049,159,82,157,77,1,68,67.9,2,2,3,24.22,92,7,13,191,98,0
316,455,NCKU0027,142,71,135,71,1,70,51,1,1,3,24.8,93,7,4,164,81,1
317,14,CGMHLK0016,162,93,139,85,1,69,72.70166667,3,2,1,31.61,102,0,12,145.12,78.79,1
318,190,CMUH0098,116,74,122,74,1,56,76,2,2,2,26.8,88,2,3,129,83,1
319,352,EDA0045,120,76,123,73,1,65,66,1,1,3,30.29,112,1,7,120,72,1
320,42,CGMHLK0052,129,78,124,73,2,41,72.71014286,2,1,1,27.05,87,0,13,137.44,80.43,1
321,520,NTUH130283,120,77,127,83,1,69,69,2,1,1,21.3,81.3,7,11,136,84,1
322,488,NCKU0304,150,82,166,89,1,74,74,0,2,3,28.2,95,4,12,151,87,1
323,433,KMUH0079,127,75,122,72,2,54,68.08066667,1,1,3,30.13,107,0,1,169,91,1
324,404,KMUH0044,146,80,156,82,2,61,68.239,3,2,3,20.44,76,0,5,180,88,1
325,403,KMUH0043,144,65,149,68,2,74,62.566,2,1,3,36,113,0,1,153.36,79.79,0
326,124,CMUH0005,116,70,107,69,2,60,56,2,1,2,23,70,2,7,123,68,1
327,319,CMUH0508,129,85,120,77,1,65,62,1,1,2,28.7,105,7,1,149,95,1
328,447,NCKU0016,117,78,129,87,1,47,74,2,1,3,22.5,74,1,8,149,93,0
329,254,CMUH0232,131,89,136,91,1,61,78,1,1,2,25.9,92,4,12,120,82,1
330,439,NCKU0006,153,71,142,70,1,80,53,2,1,3,24.1,87.229,7,6,122,67,0
331,373,EDA0090,134,96,131,88,2,38,73.59107143,1,1,3,30.3,90,0,1,150,110,1
332,461,NCKU0050,115,76,119,82,1,36,88,3,2,3,38.3,111,0,2,151,90,1
333,5,CGMHLK0007,124,77,131,79,1,24,73.63714286,2,1,1,24.63,86,0,3,129.62,78.67,1
334,229,CMUH0166,123,81,121,80,1,67,65,1,1,2,23,84,7,4,110,64,1
335,346,EDA0039,125,87,120,85,1,58,68,0,2,3,24.9,86,7,6,130,83,1
336,95,CGMHLK0120,122,94,125,89,2,36,77.31107143,1,3,1,25.59,79,0,2,148.21,93.38,1
337,164,CMUH0052,130,75,129,77,2,60,72,1,1,2,23,80,7,4,126,80,0
338,472,NCKU0195,140,84,150,91,1,57,79,0,1,3,28,90,2,1,141,92,1
339,35,CGMHLK0044,150,91,149,89,1,67,71.81433333,1,2,1,25,87,0,12,137.84,75.02,0
340,45,CGMHLK0060,133,90,126,86,1,58,68.32833333,2,1,1,23.99,84,0,2,134.46,80.26,1
341,260,CMUH0261,120,90,130,95,1,39,79,0,3,2,25.2,96,7,1,170,100,0
342,293,CMUH0383,110,69,116,69,2,66,67,1,2,2,28.7,84,7,10,136,68,1
343,176,CMUH0070,116,81,119,81,1,42,70,0,1,2,32,101,1,5,130,88,1
344,348,EDA0041,133,82,130,82,2,48,45,1,1,3,23.87,90,7,12,124,76,1
345,147,CMUH0031,135,77,133,79,1,48,77,0,3,2,22,73,7,2,123,70,1
346,418,KMUH0062,138,75,143,74,2,60,64.2215,1,1,3,21.49,69,5,13,188,90,1
347,516,NTUH130179,131,70,139,69,2,73,74,3,1,1,20.8,66,0,12,143,75,1
348,52,CGMHLK0071,148,76,139,73,2,84,62.87566667,1,1,1,26.48,89,0,12,144.11,77.64,0
349,256,CMUH0239,148,84,136,76,2,61,72,2,1,2,20.8,80,3,6,143,82,1
350,262,CMUH0264,117,86,112,76,1,40,90,1,2,2,33.3,120,7,12,130,86,1
351,299,CMUH0417,117,75,119,74,1,54,59,1,2,2,26.6,85,2,12,145,84,1
352,328,EDA0010,127,79,128,76,1,47,50,4,1,3,34.19,93,0,5,121,76,1
353,25,CGMHLK0030,141,84,131,76,1,71,70.43,1,2,1,30.9,102,7,1,145.23,82.77,1
354,510,NTUH130123,128,84,121,80,1,54,62,1,1,1,24.5,91.4,3,3,126,79,1
355,274,CMUH0307,138,101,148,106,1,61,65,0,1,2,29.4,101,3,10,184,113,1
356,417,KMUH0061,105,50,113,59,2,80,62.945,0,1,3,27.8,85,7,1,167,80,1
357,146,CMUH0030,135,78,144,84,2,56,60,1,2,2,25,82.5,3,3,143,74,1
358,115,CGMHLK0141,128,90,118,85,1,54,72.1425,2,3,1,31.57,97,0,7,144.62,79.58,1
359,16,CGMHLK0020,132,64,135,66,1,66,59.85690476,1,2,1,29.88,101,7,12,144.15,77.08,1
360,471,NCKU0187,133,83,142,87,1,48,59,0,1,3,27.4,97,7,1,131,79,1
361,172,CMUH0066,161,85,164,87,2,79,57,1,2,2,31,103,3,9,130,82,1
362,19,CGMHLK0023,124,76,114,70,1,65,71.00621429,2,1,1,28.2,92,0,12,136.29,80.02866667,1
363,119,CMMC0069,141,86,137,84,2,55,76.18333333,0,1,3,27,82,0,1,151,73,1
364,126,CMUH0007,145,91,143,85,1,54,49,2,1,2,20,74.5,2,5,137,88,0
365,453,NCKU0024,161,97,147,89,2,62,63,2,1,3,23.1,88,0,2,154,93,0
366,276,CMUH0310,122,75,116,68,1,62,76,3,1,2,23.5,87,7,12,114,66,1
367,515,NTUH130175,120,80,120,85,1,62,84,0,1,1,27.1,98,5,1,133,75,1
368,383,FE0051,122,85,112,75,1,38,77.90666667,1,2,1,29,101,5,9,143,77,1
369,148,CMUH0032,115,75,121,80,1,54,73,1,1,2,30,106,7,4,118,66,0
370,160,CMUH0047,123,81,123,81,2,50,72,2,1,2,26,86,4,4,128,81,1
371,365,EDA0073,117,80,119,80,2,43,80,2,1,3,26.4,85.475,0,7,123,78,0
372,297,CMUH0397,125,77,124,78,1,53,84,0,1,2,35,100,5,2,158,90,1
373,397,KMUH0036,139,88,132,86,2,68,68.84388889,0,1,3,27.64,105,1,13,189,105,0
374,77,CGMHLK0097,174,112,161,99,2,50,69.32333333,2,3,1,26.56,76,0,2,166.37,98.61,1
375,312,CMUH0478,161,97,159,94,2,51,72,2,1,2,17.4,70,7,12,161.47,89.07,1
376,44,CGMHLK0058,152,99,150,104,1,33,70.71333333,1,1,1,22.14,82,0,2,160.91,96.51,1
377,263,CMUH0265,130,81,139,80,1,63,64,2,2,2,27,96,3,4,132,84,0
378,432,KMUH0078,117,82,123,79,2,42,76.14,0,1,3,20.1,73,3,1,191,124,1
379,392,KMUH0029,130,79,116,66,2,70,65.76416667,0,1,3,24.84,97,7,6,118,66,1
380,309,CMUH0470,120,64,121,66,2,81,61,1,1,2,21.9,75,3,3,146,80,1
381,106,CGMHLK0132,142,95,143,92,1,57,72.77666667,0,3,1,28.04,82,2,12,139.53,81.55333333,1
382,287,CMUH0361,121,52,161,65,2,87,62,3,1,2,24,96,3,12,141,87,1
383,504,NTUH130043,125,80,122,80,1,65,78,2,1,1,27.4,85.1,7,12,134,80,1
384,292,CMUH0382,126,81,143,89,1,52,59,1,1,2,20,72,3,12,121,83,1
385,193,CMUH0104,123,76,117,72,1,72,76,2,2,2,26.4,86,7,4,126,71,1
386,351,EDA0044,125,64,120,63,2,60,82,1,1,3,25.4,81,7,12,175,105,1
387,79,CGMHLK0099,117,77,109,69,2,57,68.11866667,1,3,1,24.14,78,7,3,126.36,76.08,1
388,200,CMUH0112,124,88,109,75,1,60,76,2,1,2,24.2,80,2,4,125,89,1
389,110,CGMHLK0136,135,78,142,82,1,61,66.44333333,3,3,1,27.6,85,7,12,137.42,79.615,0
390,167,CMUH0058,125,70,126,68,2,56,63,2,1,2,32,102,3,10,170,82,1
391,410,KMUH0052,128,80,142,86,2,62,61.48955556,3,1,3,22.77,80,7,1,149,85,0
392,189,CMUH0097,126,67,124,67,1,84,55,2,1,2,23.9,76,7,4,102,63,0
393,423,KMUH0067,136,72,133,71,1,68,57.76254808,2,1,3,30.12,112,0,13,118,57,1
394,307,CMUH0466,167,79,174,84,1,67,66.455,2,2,2,24,70,7,12,176,92,1
395,138,CMUH0022,122,66,125,71,2,71,62,2,1,2,23,78,4,12,138,78,1
396,121,CMUH0002,129,96,126,89,1,49,69,1,1,2,24,84,7,2,134,78,0
397,523,NTUH140359,127,77,124,71,2,67,86,2,1,1,22.4,72,0,3,132,72,1
398,398,KMUH0037,112,81,114,81,1,49,72.72533333,2,1,3,30.1,103,0,13,160,92,0
399,22,CGMHLK0027,114,66,115,63,1,50,67.6225,2,1,1,28.3,94,0,6,133.005,78.46333333,0
400,444,NCKU0013,125,68,142,70,2,68,64,1,2,3,19.6,77,1,6,133,78,1
401,179,CMUH0074,118,77,129,78,2,46,71,2,1,2,29,82,3,10,126,70,1
402,374,EDA0091,131,67,135,66,2,69,63.07,0,1,3,23.84,82.924,7,12,157,82,1
403,246,CMUH0210,126,73,127,75,2,48,54,1,1,2,22.5,74,7,3,135,77,0
404,63,CGMHLK0082,135,83,132,82,1,68,66.10816667,2,1,1,21.98,81,0,12,132.22,76.45,0
405,285,CMUH0358,108,64,120,72,2,64,60,1,1,2,20,70,7,1,115,68,0
406,452,NCKU0023,158,94,156,93,2,63,71,1,1,3,25.6,80,6,12,147,88,1
407,75,CGMHLK0095,149,92,146,90,1,59,73.21733333,0,3,1,28.57,96,0,12,141.51,80.33,1
408,362,EDA0069,113,72,114,74,1,61,49,1,1,3,26.25,94,2,8,111,87,1
409,165,CMUH0055,143,73,137,69,2,75,71,2,2,2,20.8,72,7,11,148,84,1
410,171,CMUH0065,117,84,106,74,1,57,57,2,1,2,30,102,1,4,118,71,1
411,76,CGMHLK0096,106,65,106,59,2,63,68.14,3,3,1,22,72,0,3,128.18,75.03333333,1
412,173,CMUH0067,131,86,119,76,2,60,78,1,1,2,20.3,69,7,12,117,70,1
413,485,NCKU0283,153,92,149,83,1,46,106,3,1,3,29.6,97,0,1,157,100,1
414,436,NCKU0003,132,82,133,85,1,65,59,1,1,3,25.5,93,0,2,131,78,1
415,428,KMUH0072,125,86,119,83,1,43,75.30923077,1,1,3,22.86,77,0,1,150,100,1
416,120,CMUH0000,119,85,121,85,2,26,89,2,1,2,20.9,75,3,1,129,82,1
417,220,CMUH0146,110,67,119,72,2,51,54,1,1,2,23,76,2,3,127,72,1
418,522,NTUH140353,121,67,129,71,1,85,81,3,1,1,22.9,85,3,12,128,70,1
419,98,CGMHLK0123,126,83,132,90,2,28,74.407,0,3,1,39.5,130,0,10,146.92,84.6,0
